model,mean,median,min,max
EXPERIMENT_Ⅱ/DEEPSEEK(ADJUSTED),0.7858652056739217,0.8833879592039069,0.0863046788515511,1.0
EXPERIMENT_Ⅱ/FLOWISE(ADJUSTED),0.820703054902797,1.0,0.0318769227111142,1.0
