model,mean,max,median
EXPERIMENT_Ⅱ/DEEPSEEK(ADJUSTED),0.25878787878787884,1.3666666666666671,0.10000000000000009
EXPERIMENT_Ⅱ/FLOWISE(ADJUSTED),0.16388888888888886,1.1999999999999997,0.0
